<?xml version="1.0" encoding="iso-8859-1"?>
<mosinstall version="1.0.0" type="mambot" group="editors-xtd">
	<name>mosimage.btn</name>
	<author>Joomla! Project</author>
	<creationDate>August 2004</creationDate>
	<copyright>(C) 2005 Open Source Matters. All rights reserved.</copyright>
	<license>http://www.gnu.org/licenses/gpl-2.0.html GNU/GPL</license>
	<authorEmail>admin@joomla.org</authorEmail>
	<authorUrl>www.joomla.org</authorUrl>
	<version>1.0.0</version>
	<description>Provides button to insert {mosimage} into content edit box</description>
	<files>
		<filename mambot="mosimage.btn">mosimage.btn.php</filename>
	</files>
</mosinstall>
