<?xml version="1.0" encoding="iso-8859-1"?>
<mosinstall version="1.0.0" type="mambot" group="content">
	<name>GeSHi</name>
	<author>Joomla! Project</author>
	<creationDate>August 2004</creationDate>
	<copyright>(C) 2005 Open Source Matters. All rights reserved.</copyright>
	<license>http://www.gnu.org/licenses/gpl-2.0.html GNU/GPL</license>
	<authorUrl>qbnz.com/highlighter</authorUrl>
	<version>1.0.4</version>
	<description>Displays formatted code in content items based on the GeSHi highlighting engine</description>
	<files>
		<filename mambot="geshi">geshi.php</filename>
	</files>
	<params/>
</mosinstall>
