<?xml version="1.0" encoding="iso-8859-1"?>
<mosinstall version="1.0.0" type="mambot" group="content">
	<name>legacybots</name>
	<author>Joomla! Project</author>
	<creationDate>August 2004</creationDate>
	<copyright>(C) 2005 Open Source Matters. All rights reserved.</copyright>
	<license>http://www.gnu.org/licenses/gpl-2.0.html GNU/GPL</license>
	<authorEmail>admin@joomla.org</authorEmail>
	<authorUrl>www.joomla.org</authorUrl>
	<version>1.0.0</version>
	<description>Support for outdated version 4.5 mambots</description>
	<files>
		<filename mambot="legacybots">legacybots.php</filename>
	</files>
	<params/>
</mosinstall>
