<?xml version="1.0" encoding="iso-8859-1"?>
<mosinstall type="module" version="1.0.0">
	<name>Related Items</name>
	<author>Joomla! Project</author>
	<creationDate>July 2004</creationDate>
	<copyright>(C) 2005 Open Source Matters. All rights reserved.</copyright>
	<license>http://www.gnu.org/licenses/gpl-2.0.html GNU/GPL</license>
	<authorEmail>admin@joomla.org</authorEmail>
	<authorUrl>www.joomla.org</authorUrl>
	<version>1.0.0</version>
	<description>This module displays other Content Items that are related to the Item currently displayed. These are based on the keywords Metadata. All the keywords of the current Content Item are searched against all the keywords of all other published items. For example, you may have an Item on 'Breeding Parrots' and you may have another on 'Hand Raising Black Cockatoos'. If you include the keyword 'parrot' in both Items, then the Related Items module will list the 'Breeding Parrots' Item when viewing 'Hand Raising Black Cockatoos' and vice-versa.</description>
	<files>
	<filename module="mod_related_items">mod_related_items.php</filename>
	</files>
	<params>
		<param name="cache" type="radio" default="0" label="Enable Cache" description="Select whether to cache the content of this module">
			<option value="0">No</option>
			<option value="1">Yes</option>
		</param>
		<param name="moduleclass_sfx" type="text" default="" label="Module Class Suffix" description="A suffix to be applied to the css class of the module (table.moduletable), this allows individual module styling" />
	</params>
</mosinstall>
