<?xml version="1.0" encoding="iso-8859-1"?>
<mosinstall type="module">
	<name>Popular Items</name>
	<author>Joomla! Project</author>
	<creationDate>July 2004</creationDate>
	<copyright>(C) 2005 Open Source Matters. All rights reserved.</copyright>
	<license>http://www.gnu.org/licenses/gpl-2.0.html GNU/GPL</license>
	<authorEmail>admin@joomla.org</authorEmail>
	<authorUrl>www.joomla.org</authorUrl>
	<version>1.0.0</version>
	<description>This module shows stats of Items that are still current (some may have expired even though they are the most recent). Items that are displayed on the Front Page Component are not included in the list.</description>
	<files>
		<filename module="mod_stats">mod_stats.php</filename>
	</files>
	<params/>
</mosinstall>
