<?xml version="1.0" encoding="iso-8859-1"?>
<mosinstall type="component" version="1.0.0">
	<name>EasyCalendar</name>
	<author>Adam van Dongen</author>
	<creationDate>December 2006</creationDate>
	<copyright>(C) 2006 Joomla-addons.org. All rights reserved.</copyright>
	<authorEmail>adam@joomla-addons.org</authorEmail>
	<authorUrl>www.joomla-addons.org</authorUrl>
	<version>1.0 beta 1</version>
	<description>Display a simple calendar</description>
	<files>
	  <filename>icons/22x22_back.png</filename>
	  <filename>icons/22x22_forward.png</filename>
	  <filename>language/english.php</filename>
	  <filename>language/dutch.php</filename>
	  <filename>easycalendar.html.php</filename>
	  <filename>easycalendar.php</filename>
	  <filename>easycalendar.css</filename>
	</files>
  <install>
    <queries>
      <query>
        CREATE TABLE IF NOT EXISTS `#__easycalendar` (
          `id` int(11) NOT NULL auto_increment,
          `cid` int(11) NOT NULL default '0',
          `startdate` date NOT NULL default '0000-00-00',
          `enddate` date NOT NULL default '0000-00-00',
          `starttime` time NOT NULL default '00:00:00',
          `endtime` time NOT NULL default '00:00:00',
          `name` varchar(255) NOT NULL default '',
          `description` text NOT NULL,
          `published` tinyint(1) NOT NULL default '0',
          PRIMARY KEY  (`id`),
          KEY `cid` (`cid`)
        )
      </query>
    </queries>
  </install>
  <installfile>install.easycalendar.php</installfile>
  <uninstallfile>uninstall.easycalendar.php</uninstallfile>
  <administration>
    <menu>Easy Calendar</menu>
	  <submenu>
	    <menu act="categories">Manage Categories</menu>
	    <menu act="events">Manage Events</menu>
	  </submenu>
    <files>
	  	<filename>classes/categories.php</filename>
	  	<filename>classes/events.php</filename>
	  	<filename>icons/16x16_date.png</filename>
	  	<filename>icons/48x48_date.png</filename>
	  	<filename>admin.easycalendar.html.php</filename>
	  	<filename>admin.easycalendar.php</filename>
	  	<filename>boxshot-easycalendar.png</filename>
	  	<filename>easycalendar.class.php</filename>
	  	<filename>toolbar.easycalendar.html.php</filename>
	  	<filename>toolbar.easycalendar.php</filename>
    </files>
  </administration>
	<params>
		<param name="view" type="list" default="month" label="Frontend View" description="Configure calendar display">
			<option value="month">Month view</option>
			<option value="upcoming">Upcoming events</option>
		</param>
		<param name="catid" type="text" size="20" default="0" label="Only from category" description="Display only events in the entered category. (0 for all)" />
	</params>
</mosinstall>
